<?xml version="1.0" encoding="UTF-8"?>
<project-private xmlns="http://www.netbeans.org/ns/project-private/1">
    <editor-bookmarks xmlns="http://www.netbeans.org/ns/editor-bookmarks/2" lastBookmarkId="0"/>
    <open-files xmlns="http://www.netbeans.org/ns/projectui-open-files/2">
        <group>
            <file>file:/C:/Users/ingan/Downloads/INGANATHI%20MANCAM%20(2)/ChatUniverse2/src/chatuniverse2/MessageScreen.java</file>
            <file>file:/C:/Users/ingan/Downloads/INGANATHI%20MANCAM%20(2)/ChatUniverse2/src/chatuniverse2/MessageMenu.java</file>
            <file>file:/C:/Users/ingan/Downloads/INGANATHI%20MANCAM%20(2)/ChatUniverse2/src/chatuniverse2/MessageService.java</file>
            <file>file:/C:/Users/ingan/Downloads/INGANATHI%20MANCAM%20(2)/ChatUniverse2/src/chatuniverse2/Register.java</file>
            <file>file:/C:/Users/ingan/Downloads/INGANATHI%20MANCAM%20(2)/ChatUniverse2/src/chatuniverse2/StoreMessages.java</file>
            <file>file:/C:/Users/ingan/Downloads/INGANATHI%20MANCAM%20(2)/ChatUniverse2/src/chatuniverse2/simple%20chat%20app%20logo%20with%20a%20universe%20theme%20and%20a%20small%20send%20arrow.png</file>
            <file>file:/C:/Users/ingan/Downloads/INGANATHI%20MANCAM%20(2)/ChatUniverse2/test/chatuniverse2/MessageServiceIT.java</file>
        </group>
    </open-files>
</project-private>
