{"number":2,"flag":"sent","recipient":"+27838884567","messageID":"0258524115","content":"dinner is ready","seen":false,"hash":"5762f2fd755c2f3a626344130e9aa31609c6653dd4d1af313a6bc9b34dd7e1a6"}
{"number":4,"flag":"sent","recipient":"+27827640601","messageID":"0733480664","content":"okay","seen":false,"hash":"2ad4ac4bef2bf1bbdbb4b81488de0623621f00e37d7a25b118f2eb64e3a95448"}
{"number":6,"flag":"sent","recipient":"+27827640601","messageID":"0898452268","content":"hide it","seen":false,"hash":"378795a7677c7733e9db36771792b7f1146761b3298cc5e91155e2bfa54c0463"}
{"number":8,"flag":"sent","recipient":"+27760986544","messageID":"0550233986","content":"perfomed real music","seen":false,"hash":"0e9e282bb484bc666ec6d964332386dd8e2fba885613d10d188b9c19892435ef"}
{"number":8,"flag":"sent","recipient":"+27760986544","messageID":"0550233986","content":"perfomed real music","seen":false,"hash":"0e9e282bb484bc666ec6d964332386dd8e2fba885613d10d188b9c19892435ef"}
{"number":10,"flag":"sent","recipient":"+27760986544","messageID":"0443889195","content":"whwere are you","seen":false,"hash":"1c048b1bf2183a5b4688e9ebd6e9f7675e90a4617f1e15cb3bab655da1457536"}
{"number":10,"flag":"sent","recipient":"+27760986544","messageID":"0443889195","content":"whwere are you","seen":false,"hash":"1c048b1bf2183a5b4688e9ebd6e9f7675e90a4617f1e15cb3bab655da1457536"}
{"number":12,"flag":"sent","recipient":"+27764561239","messageID":"0984182662","content":"for reeal","seen":false,"hash":"746e9012ce06ddf235dd608166c1e8fee72cf8e8dec49df6860ebf67bacf34b8"}
{"number":14,"flag":"sent","recipient":"+27764561239","messageID":"0148017371","content":"oh no","seen":false,"hash":"e28fa17bf2c14e20cc49ab6676dc098d5fca330873d7c7b42d5b245bdf885fca"}
{"number":16,"flag":"sent","recipient":"+27678542349","messageID":"0678935790","content":"universe","seen":false,"hash":"e225385ede40dc004ae65a44f9fbed3bf662378426098bfcb1637d2e900f7b17"}
